{"_step":1,"total_test_time":17.062533617019653,"_wandb":{"runtime":17},"_runtime":17,"test_accuracy":93.5,"_timestamp":1.7625356594781494e+09}